﻿Overall Rating,Plan Name,State,Type,NCQA,Consumer Satisfaction,Prevention,Treatment
4.5,Kaiser Foundation Health Plan Inc. - Southern California,CA,HMO,Yes,2.5,5,4.5
4.5,"Kaiser Foundation Health Plan, Inc. - Northern California",CA,HMO,Yes,3,5,4.5
4.5,Sharp Health Plan,CA,HMO,Yes,4,4,4
3.5,Aetna Health of California Inc.,CA,HMO/POS,Yes,2,2.5,3
3.5,Anthem Blue Cross Life and Health Insurance Company,CA,PPO/EPO,Yes,2.5,3,3
3.5,Blue Cross of California dba Anthem Blue Cross,CA,HMO/POS,Yes,2.5,3.5,3
3.5,Blue Cross of California dba Anthem Blue Cross,CA,PPO/EPO,Yes,2.5,3,3
3.5,Blue Shield of California,CA,HMO/POS,Yes,2.5,3.5,3
3.5,Chinese Community Health Plan,CA,HMO,No,2,3.5,I
3.5,Health Net Life Insurance Company - California,CA,PPO/EPO,Yes,2.5,3.5,3
3.5,"Health Net of California, Inc.",CA,HMO/POS,Yes,2.5,3.5,3
3.5,"United HealthCare Services, Inc. (California)",CA,PPO,Yes,2,3,3
3.5,UnitedHealthcare Insurance Company (California),CA,PPO,Yes,2,3,3
3.5,UnitedHealthcare of California (formerly PacifiCare of California),CA,HMO,Yes,2.5,3.5,2.5
3.5,Western Health Advantage,CA,HMO,Yes,2.5,3.5,3
3,Aetna Life Insurance Company (California),CA,PPO/EPO,Yes,2,2.5,3
3,Blue Shield of California,CA,PPO,Yes,I,2.5,2.5
3,Blue Shield of California Life & Health Insurance Company,CA,PPO,Yes,I,2.5,2.5
3,Cigna Health and Life Insurance Company - California,CA,PPO/EPO,Yes,2,3,3
3,"Cigna HealthCare of California, Inc.",CA,HMO/POS,Yes,2,3.5,2.5
