﻿Overall Rating,Plan Name,State,Type,NCQA,Consumer Satisfaction,Prevention,Treatment
5,"Capital District Physicians' Health Plan, Inc. (CDPHP)",NY,HMO,Yes,5,4.5,4
5,"Capital District Physicians' Healthcare Network, Inc. (CDPHN)",NY,HMO/POS,Yes,5,4.5,4
4.5,"Capital District Physicians' Healthcare Network, Inc. (CDPHN)",NY,PPO,Yes,4.5,4.5,4
4.5,"CDPHP Universal Benefits, Inc.",NY,PPO,Yes,4.5,4.5,4
4.5,"HealthNow New York, Inc.",NY,HMO/POS/PPO,Yes,4,4,4
4.5,"Independent Health Association, Inc.",NY,HMO/POS,Yes,4,4.5,4
4.5,"Martin's Point US Family Health Plan (NH, NY, PA, VT)","MA, NH, NY, PA, VT",HMO,Yes,5,3.5,3.5
4,"Excellus Health Plan, Inc. dba Excellus BlueCross BlueShield",NY,HMO/POS/PPO/EPO,Yes,3.5,4,3.5
4,"Excellus Health Plan, Inc. dba Univera Healthcare",NY,HMO/POS/PPO/EPO,Yes,3.5,4,3.5
4,"MVP Health Plan, Inc.",NY,HMO/POS,Yes,3.5,3.5,3.5
3.5,Aetna Life Insurance Company (New York),NY,PPO/EPO,Yes,3,2.5,3
3.5,Cigna Health and Life Insurance Company - New York,NY,HMO/POS/PPO,Yes,2,2.5,3
3.5,"Empire HealthChoice HMO, Inc. d/b/a Empire BlueCross BlueShield HMO",NY,HMO/POS,Yes,4,3,3
3.5,YourCare Health Plan,NY,HMO,No,4,I,3
3,"Empire HealthChoice Assurance, Inc. dba Empire Blue Cross Blue Shield in New York",NY,PPO,Yes,3.5,2.5,2.5
3,HIP Health Plan of New York,NY,HMO/POS,Yes,2,3,2.5
3,Oscar Insurance Corporation,NY,EPO,Yes,1,2,3
3,"Oxford Health Insurance Company, Inc. (New York)",NY,PPO,Yes,I,2.5,2.5
3,UnitedHealthcare Insurance Company of New York,NY,PPO,Yes,2,2.5,3
3,"UnitedHealthcare Service, LLC (New York)",NY,PPO,Yes,2,2.5,3
