﻿Overall Rating,Plan Name,State,Type,Consumer Satisfaction,Prevention,Treatment,NCQA
4.5,"Martin's Point US Family Health Plan (NH, NY, PA, VT)","MA, NH, NY, PA, VT",HMO,5,3.5,3.5,Yes
4.5,"UPMC Benefit Management Services, Inc.",PA,HMO,3.5,4.5,3.5,Yes
4.5,"UPMC Health Coverage, Inc.",PA,HMO,3.5,4.5,3.5,Yes
4.5,"UPMC Health Plan, Inc.",PA,HMO,3.5,4.5,3.5,Yes
4,Aetna Health Inc. (Pennsylvania),PA,HMO/POS,3,3.5,3.5,Yes
4,Aetna Life Insurance Company (Pennsylvania),PA,PPO/EPO,3.5,3.5,3.5,Yes
4,Capital Advantage Insurance Company,PA,POS,3.5,3.5,3.5,Yes
4,Capital BlueCross - FEP,PA,PPO,4.5,3.5,3.5,Yes
4,First Priority Life Insurance Company Inc. (FPLIC),PA,PPO,3,3.5,3.5,Yes
4,Geisinger Health Plan,PA,HMO/POS,2.5,3.5,3.5,Yes
4,Geisinger Quality Options,PA,PPO,3.5,3.5,3.5,Yes
4,Highmark Choice Company,PA,HMO,4,4,3.5,Yes
4,Highmark Health Insurance Company (HHIC),PA,PPO/EPO,3,3,3.5,Yes
4,"HMO of Northeastern Pennsylvania, Inc. d/b/a First Priority Health",PA,HMO,3.5,3.5,3.5,Yes
4,Independence Hospital Indemnity Plan,PA,PPO,4,4,3,Yes
4,Keystone Health Plan Central,PA,HMO/POS,3.5,3.5,3.5,Yes
4,"Keystone Health Plan East, Inc.",PA,HMO/POS,3.5,4,3.5,Yes
4,QCC Insurance Company (Personal Choice),PA,PPO,4,4,3,Yes
4,"UPMC Benefit Management Services, Inc.",PA,PPO/EPO,3.5,4,3.5,Yes
4,"UPMC Health Options, Inc.",PA,PPO/EPO,3.5,4,3.5,Yes
