﻿Overall Rating,Plan Name,State,Type,NCQA,Consumer Satisfaction,Prevention,Treatment
5,"Kaiser Foundation Health Plan of the Mid-Atlantic States, Inc.","DC, MD, VA",HMO,Yes,3.5,5,4.5
4,Optima Health Plan,VA,HMO/POS,Yes,3.5,4,3
3.5,Aetna Health Inc. (Pennsylvania) - Maryland,"DC, MD, VA",HMO/POS,Yes,3.5,3,3
3.5,Aetna Life Insurance Company (Virginia),VA,PPO/EPO,Yes,3,3,3
3.5,"Anthem Health Plans of Virginia, Inc. dba Anthem Blue Cross Blue Shield of Virginia",VA,PPO/EPO,Yes,3,3,3
3.5,CareFirst BlueChoice,"DC, MD, VA",HMO/POS,Yes,3,3.5,3
3.5,"CareFirst of Maryland, Inc.","DC, MD, VA",PPO/EPO,Yes,3.5,3.5,3
3.5,Cigna Health and Life Insurance Company - Virginia/District of Columbia,"DC, VA",HMO/POS/PPO,Yes,2.5,3,3
3.5,"Group Hospitalization and Medical Services, Inc. (GHMSI)","DC, MD, VA",PPO/EPO,Yes,3.5,3.5,3
3.5,"Group Hospitalization and Medical Services, Inc. (GHMSI)","DC, MD, VA",HMO/POS,Yes,3,3.5,3
3.5,"HealthKeepers, Inc.",VA,HMO/POS,Yes,2,3.5,3
3.5,Innovation Health Insurance Company,"DC, MD, VA",PPO/EPO,Yes,2.5,3,3.5
3.5,"MD - Individual Practice Association, Inc.","DC, MD, VA",HMO/POS,Yes,3.5,3.5,3
3.5,"United Healthcare Services, Inc (Virginia)",VA,PPO,Yes,2.5,3,3
3.5,UnitedHealthcare Insurance Company (Virginia),VA,PPO,Yes,2.5,3,3
3.5,"UnitedHealthcare Plan of the River Valley, Inc.","IL, IA, TN, VA",HMO/POS,Yes,3.5,3,3.5
3,"Innovation Health Plan, Inc.",VA,HMO/POS,Yes,I,2.5,3
3,"Optimum Choice, Inc.","DE, DC, MD, VA, WV",HMO/POS,Yes,2,3,3
3,"UnitedHealthcare of the Mid-Atlantic, Inc.","DC, MD, VA",HMO/POS,Yes,2,2.5,2.5
2,Compass Rose Health Plan,"AL, AK, AZ, AR, CA, CO, CT, DE, DC, FL, GA, HI, ID, IL, IN, IA, KS, KY, LA, ME, MD, MA, MI, MN, MS, MO, MT, NE, NV, NH, NJ, NM, NY, NC, ND, OH, OK, OR, PA, RI, SC, SD, TN, TX, UT, VT, VA, WA, WV, WI, WY",PPO,No,3.5,1,1.5
