﻿Overall Rating,Plan Name,State,Type,NCQA,Consumer Satisfaction,Prevention,Treatment
4.5,"Dean Health Plan, Inc.",WI,HMO,Yes,4,4.5,4
4.5,Group Health Cooperative of South Central Wisconsin,WI,HMO,Yes,3.5,4.5,4
4.5,HealthPartners Administrators Inc.,"IA, MN, WI",HMO/POS/PPO,Yes,3.5,4.5,4
4.5,Network Health Plan,WI,HMO/POS,Yes,3.5,4,4
4,"Aspirus Arise Health Plan of Wisconsin, Inc.",WI,HMO/POS,Yes,2.5,4,3.5
4,Group Health Cooperative of Eau Claire,WI,HMO,No,3.5,4,4
4,Humana Wisconsin Health Organization Insurance Corporation (Wisconsin),WI,HMO/POS,Yes,I,3.5,3.5
4,Medica Health Plans of Wisconsin (MHPW),"MN, WI",PPO,Yes,3,4,3.5
4,Medica Insurance Company (MIC),"MN, ND, SD, WI",PPO,Yes,3,4,3.5
4,Medical Associates Clinic Health Plan of Wisconsin dba Medical Associates Health Plans,WI,HMO/POS,Yes,4,3.5,3.5
4,"MercyCare HMO, Inc d/b/a/ MercyCare Health Plans",WI,HMO,Yes,3.5,4,3.5
4,Quartz Health Benefit Plans Corporation,WI,HMO/POS,Yes,3,4.5,4
4,"Security Health Plan of Wisconsin, Inc",WI,HMO/POS/EPO,Yes,2.5,4.5,3.5
4,"United HealthCare Services, Inc. (Wisconsin)",WI,PPO,Yes,4,3.5,3.5
4,UnitedHealthcare Insurance Company (Wisconsin),WI,PPO,Yes,4,3.5,3.5
4,"UnitedHealthcare of Wisconsin, Inc.",WI,HMO/POS,Yes,2,3.5,3.5
3.5,Aetna Life Insurance Company (Wisconsin),WI,PPO/EPO,Yes,3,2.5,3
3.5,Blue Cross and Blue Shield of Wisconsin dba Anthem Blue Cross and Blue Shield in Wisconsin,WI,PPO,Yes,4.5,2.5,2.5
3.5,Compcare Health Services Insurance Corporation dba Anthem Blue Cross and Blue Shield in Wisconsin,WI,POS,Yes,I,3,3.5
3.5,Humana Insurance Company (Wisconsin),WI,PPO,Yes,I,3,3
