﻿Overall Rating,Plan Name,State,Type,NCQA,Consumer Satisfaction,Prevention,Treatment
5,Kaiser Foundation Health Plan Inc. - Southern California,CA,HMO,Yes,3.5,5,4.5
5,"Kaiser Foundation Health Plan, Inc. - Northern California",CA,HMO,Yes,3.5,5,4.5
4,Aetna Life Insurance Company (California),CA,PPO,Yes,3.5,3.5,3.5
4,"Sierra Health and Life Insurance Company, Inc. (AZ,CA,NV)","AZ, CA, NV",PPO,Yes,4,4.5,3.5
3.5,Aetna Health of California Inc.,CA,HMO,Yes,2.5,3,3.5
3.5,Blue Shield of California,CA,HMO,Yes,2.5,3.5,3.5
3.5,Chinese Community Health Plan,CA,HMO,No,1.5,3,4
3.5,"Easy Choice Health Plan, Inc.",CA,HMO,Yes,2,2.5,3
3.5,"Health Net of California, Inc.",CA,HMO,Yes,2.5,3.5,3
3.5,Inter Valley Health Plan,CA,HMO,No,2.5,3.5,3.5
3.5,SCAN Health Plan,CA,HMO,No,3,3.5,3.5
3.5,Stanford Health Care Advantage,CA,HMO,No,3.5,4.5,3.5
3.5,"UnitedHealthcare Insurance Company (AZ,CA,NV)","AZ, CA, NV",PPO,Yes,3,3.5,3
3.5,UnitedHealthcare of California -Medicare,CA,HMO,Yes,3,4,3
3,Blue Shield of California Promise Health Plan,CA,HMO,Yes,2,3,3
3,Community Health Group,CA,HMO,No,2.5,3,3
3,"Local Initiative Health Authority, dba L.A. Care Health Plan",CA,HMO,Yes,1.5; 2.0,2,2.5
3,"Santa Clara County Health Authority, dba Santa Clara Family Health Plan (SCFHP)",CA,HMO,Yes,1,3,2.5
2.5,"Central Health Plan of California, Inc.",CA,HMO,No,1,2.5,3
2.5,Inland Empire Health Plan,CA,HMO,No,2.0; 2.0,2,2.5
