﻿Overall Rating,Plan Name,State,Type,NCQA,Consumer Satisfaction,Prevention,Treatment
4.5,"Capital District Physicians' Health Plan, Inc. (CDPHP)",NY,HMO,Yes,4,4.5,4
4.5,"Excellus Health Plan, Inc. dba Excellus BlueCross BlueShield",NY,HMO,Yes,4,4.5,4
4.5,"Excellus Health Plan, Inc. dba Univera Healthcare",NY,HMO,Yes,4,4.5,4
4,Aetna Life Insurance Company (New York),NY,PPO,Yes,3.5,3.5,3.5
4,"CDPHP Universal Benefits, Inc.",NY,PPO,No,5,5,4
4,"Excellus Health Plan, Inc. dba Excellus BlueCross BlueShield",NY,PPO,Yes,3.5,4,3.5
4,"Excellus Health Plan, Inc. dba Univera Healthcare",NY,PPO,Yes,3.5,4,3.5
4,"HealthNow New York, Inc.",NY,HMO,Yes,3.5,4,3.5
4,"HealthNow New York, Inc.",NY,PPO,Yes,4,4.5,3.5
4,"Independent Health Association, Inc.",NY,PPO,No,4,4.5,3.5
4,"Sierra Health and Life Insurance Company, Inc.-(NY)",NY,PPO,Yes,4,4.5,3.5
4,UnitedHealthcare Insurance Company of New York (Medicare),NY,PPO,No,4.5,5,3.5
3.5,Aetna Health Inc. (New York),NY,HMO,Yes,2.5,2.5,3.5
3.5,American Progressive Life & Health Insurance Company of New York,"ME, NY",PPO,No,3.5,3,3
3.5,"Independent Health Association, Inc.",NY,HMO,No,4,4,3.5
3.5,"MVP Health Plan, Inc.","NY, VT",HMO/POS,No,4,4.5,3
3.5,"MVP Health Plan, Inc.","NY, VT",PPO,No,4.5,4.5,3
3.5,"UnitedHealthcare Insurance Company (NJ,NY)","NJ, NY",PPO,Yes,3,3.5,3
3.5,"UnitedHealthcare of New York, Inc.",NY,HMO,Yes,2.5,2,3
3,Affinity Health Plan,NY,HMO,No,2,2.5,3
