﻿Overall Rating,Plan Name,State,Type,NCQA,Consumer Satisfaction,Prevention,Treatment
4.5,Geisinger Health Plan,PA,HMO,Yes,4.5,3.5,3.5
4,"Aetna Health Inc. (Pennsylvania) dba HealthAmerica Pennsylvania, Inc.",PA,HMO,Yes,4.5,3.5,3
4,Aetna Life Insurance Company (Pennsylvania),PA,PPO,Yes,3.5,3.5,3.5
4,"Keystone Health Plan East, Inc.",PA,HMO,Yes,3.5,4,3.5
4,QCC Insurance Company (Personal Choice),PA,PPO,Yes,4.5,4,3
4,"Sierra Health and Life Insurance Company, Inc.","CO, KS, MD, MA, MI, NJ, PA, TX, VA",HMO/POS,No,3.5,4.5,4
4,"Sierra Health and Life Insurance Company, Inc. (PA)",PA,PPO,Yes,4,4.5,3.5
4,"UnitedHealthcare of New England, Inc.","MA, NH, PA, RI, VT",HMO,Yes,3.5,3,3.5
4,"UPMC Health Network, Inc.",PA,PPO,Yes,4.5,4.5,3
4,"UPMC Health Plan, Inc.",PA,HMO,Yes,4,3.5,3
3.5,Aetna Health Inc. (Pennsylvania),PA,HMO,Yes,3,3,3.5
3.5,"Cigna-HealthSpring Pennsylvania, Inc.",PA,HMO,Yes,2.5,3.5,3
3.5,Geisinger Indemnity Insurance Company,PA,PPO,Yes,3,3,3
3.5,"HealthAssurance Pennsylvania, Inc.",PA,PPO,No,4,3.5,3
3.5,Highmark Choice Company,PA,HMO,No,4,4,3.5
3.5,Highmark Senior Health Company,PA,PPO,No,4.5,4,3.5
3.5,Keystone Health Plan Central,PA,PPO,No,4.5,4,3
3.5,"UnitedHealthcare Insurance Company (DC,DE,MD,PA,VA,WV)","DE, DC, MD, PA, VA, WV",PPO,Yes,3,3.5,3
3,Health Partners Plans,PA,HMO,No,2,2.5,3
3,"Humana Benefit Plan of Illinois, Inc.","AL, GA, IL, IN, KY, LA, ME, MT, NJ, NC, OH, PA, SC, WV",PPO,No,3.5,3,3
