﻿Overall Rating,Plan Name,State,Type,NCQA,Consumer Satisfaction,Prevention,Treatment
4.5,"Kaiser Foundation Health Plan of the Mid-Atlantic States, Inc.","DC, MD, VA",HMO,Yes,3.5,5,4.5
4,Aetna Life Insurance Company (Virginia),VA,PPO,Yes,3.5,3.5,3.5
4,"Sierra Health and Life Insurance Company, Inc.","CO, KS, MD, MA, MI, NJ, PA, TX, VA",HMO/POS,No,3.5,4.5,4
4,"Sierra Health and Life Insurance Company, Inc.-(DC,DE,MD,VA,WV)","DE, DC, MD, VA, WV",PPO,Yes,4,4.5,3.5
4,"UnitedHealthcare of Wisconsin, Inc.(South)-KY/NC/TN/VA H5253","KY, NC, TN, VA",HMO/POS,Yes,3.5,3.5,3
3.5,Aetna Health Inc. (Pennsylvania) - Maryland,"DC, MD, VA",HMO,Yes,3,3,3.5
3.5,"UnitedHealthcare Insurance Company (DC,DE,MD,PA,VA,WV)","DE, DC, MD, PA, VA, WV",PPO,Yes,3,3.5,3
3,Care Improvement Plus South Central Insurance Company,"AL, FL, GA, IN, NH, NJ, OH, VA",HMO/POS,No,3,3,3
3,Humana Insurance Company (North Carolina),"NC, VA",PPO,No,3,3,2.5
3,Optima Health Plan,VA,HMO,No,3,5,3
2.5,"Piedmont Community HealthCare, Inc.",VA,PPO,No,3,2.5,2.5
Partial Data Reported,"Coventry Health Care of Virginia, Inc., dba Aetna Better Health of Virginia",VA,HMO,No,I,0,I
Partial Data Reported,Innovation Health Insurance Company,VA,PPO,No,I,1.5,I
Partial Data Reported,"Innovation Health Plan, Inc.",VA,HMO,No,I,1.5,3
Partial Data Reported,"Kaiser Foundation Health Plan of the Mid-Atlantic States, Inc.","DC, MD, VA",HMO,Yes,I,2.5,4.5
Partial Data Reported,UnitedHealthcare Insurance Co of the River Valley,"NC, VA",PPO,No,I,0,2.5
Partial Data Reported,"UnitedHealthcare of the Mid-Atlantic, Inc.",VA,HMO,No,I,0,2.5
No Data Reported,"Anthem Health Plans of Virginia, Inc. dba Anthem Blue Cross Blue Shield of Virginia",VA,PPO,No,,,
No Data Reported,"Anthem, Inc. dba Anthem Blue Cross","CA, CO, TX, VA",HMO,No,,,
No Data Reported,"Anthem, Inc. dba Anthem Blue Cross","CA, CO, TX, VA",HMO,No,,,
