﻿Overall Rating,Plan Name,State,Type,NCQA,Consumer Satisfaction,Prevention,Treatment
4.5,"Dean Health Plan, Inc.",WI,HMO,No,5,4,5
4.5,Medical Associates Clinic Health Plan of Wisconsin dba Medical Associates Health Plans,WI,HMO,Yes,4.5,3,4
4.5,Network Health Insurance Corporation (NHIC),WI,PPO,Yes,4,4,4
4.5,Quartz Health Plan Corporation,"IA, WI",HMO,Yes,5,5,3.5
4,Aetna Life Insurance Company (Wisconsin),WI,PPO,Yes,3.5,3.5,3.5
4,"Dean Health Plan, Inc.",WI,HMO/POS,No,4.5,4.5,4
4,"Security Health Plan of Wisconsin, Inc",WI,HMO/POS,Yes,4.5,4,3.5
4,"Sierra Health and Life Insurance Company, Inc. (WI,MN)","MN, WI",PPO,Yes,4,4.5,3.5
4,"UnitedHealthcare of Wisconsin, Inc.","IL, IA, WI",HMO/POS,Yes,3.5,3.5,3
3.5,Care Improvement Plus Wisconsin Insurance Company,WI,PPO,No,3.5,4,3.5
3.5,Care Improvement Plus Wisconsin Insurance Company,WI,HMO,No,3.5,4,3.5
3.5,Humana Insurance Company (Illinois and Wisconsin),"IL, WI",PPO,Yes,3.5,3.5,3
3.5,Humana Wisconsin Health Organization Insurance Corporation (Wisconsin),WI,HMO,Yes,3,3.5,3.5
3.5,"UnitedHealthcare Insurance Company (IN,IL,MI,MN,OH,WI)","IL, IN, MI, MN, OH, WI",PPO,Yes,3,3.5,3
3,Molina Healthcare of Wisconsin,WI,HMO,No,2.5,2.5,3
Partial Data Reported,"Community Care Health Plan, Inc.",WI,HMO,No,I,1.5,4
No Data Reported,Compcare Health Services Insurance Corporation dba Anthem Blue Cross and Blue Shield in Wisconsin,WI,PPO,No,,,
No Data Reported,Compcare Health Services Insurance Corporation dba Anthem Blue Cross and Blue Shield in Wisconsin,WI,HMO,No,,,
No Data Reported,Medica Health Plans (MHP),"MN, ND, SD, WI",HMO,No,,,
