﻿Overall Rating,Plan Name,State,Type,NCQA,Consumer Satisfaction,Prevention,Treatment
4,Alameda Alliance for Health,CA,HMO,Yes,3,4.5,3
4,Community Health Group,CA,HMO,Yes,3,4,3.5
4,"Local Initiative Health Authority, dba L.A. Care Health Plan",CA,HMO,Yes,2,3.5,3.5
4,Orange County Health Authority - dba CalOptima,CA,HMO,Yes,2.5,4,3.5
4,San Francisco Community Health Authority,CA,HMO,Yes,3,4,3.5
3.5,Contra Costa Health Plan,CA,HMO,Yes,2,3.5,3
3.5,Inland Empire Health Plan,CA,HMO,Yes,3,3.5,3
3.5,Molina Healthcare of California Partner Plan Inc.,CA,HMO,Yes,1.5,3.5,3
3,Blue Cross of California Partnership Plan,CA,HMO,Yes,1.5,3,2.5
3,Blue Shield of California Promise Health Plan,CA,HMO,Yes,2,3.5,2
3,California Health & Wellness,CA,HMO,Yes,2.5,2,3
3,"Health Net of California, Inc.",CA,HMO,Yes,1.5,2.5,2.5
2.5,San Joaquin County Health Commission dba Health Plan of San Joaquin,CA,HMO,Yes,1.5,2.5,2.5
1.5,"Santa Clara County Health Authority, dba Santa Clara Family Health Plan (SCFHP)",CA,HMO,No,1.5,2.5,1
Partial Data Reported,Gold Coast Health Plan,CA,HMO,No,I,1.5,1
Partial Data Reported,Partnership HealthPlan of California,CA,HMO,No (In process),I,2,1.5
Partial Data Reported,Partnership HealthPlan of California,CA,HMO,No (In process),I,1,1
Partial Data Reported,Partnership HealthPlan of California,CA,HMO,No (In process),I,1,1.5
Partial Data Reported,Partnership HealthPlan of California,CA,HMO,No (In process),I,2,1.5
Partial Data Reported,San Mateo Health Commission dba Health Plan of San Mateo,CA,HMO,Yes,I,I,I
