﻿Overall Rating,Plan Name,State,Type,NCQA,Consumer Satisfaction,Prevention,Treatment
4.5,"Capital District Physicians' Health Plan, Inc. (CDPHP)",NY,HMO,Yes,3.5,4,4
4.5,"Excellus Health Plan, Inc. dba Excellus BlueCross BlueShield",NY,HMO,Yes,4,4,4
4.5,"Excellus Health Plan, Inc. dba Univera Healthcare",NY,HMO,Yes,4,4,4
4,"HealthPlus HP, LLC",NY,HMO,Yes,2.5,4,3.5
3.5,"HealthNow New York, Inc.",NY,HMO,No,3.5,3.5,3.5
3.5,"UnitedHealthcare of New York, Inc. dba UnitedHealthcare Community Plan (NY)",NY,HMO,Yes,2.5,2.5,3.5
3.5,"WellCare of New York, Inc.",NY,HMO,Yes,1,4,3.5
3.5,YourCare Health Plan,NY,HMO,No,2.5,3.5,3.5
Partial Data Reported,Affinity Health Plan,NY,HMO,No,I,4,3.5
Partial Data Reported,"Healthfirst PHSP, Inc.",NY,HMO,No,I,4,3.5
Partial Data Reported,"Independent Health Association, Inc.",NY,HMO,No,I,3.5,3.5
Partial Data Reported,"Molina Healthcare of New York, Inc.",NY,HMO,No,I,3.5,3
Partial Data Reported,"New York Quality Healthcare Corporation, dba Fidelis Care",NY,HMO,Yes,I,I,I
No Data Reported,HIP Health Plan of New York,NY,HMO,No,,,
No Data Reported,MetroPlus Health Plan,NY,HMO,No,,,
No Data Reported,"MVP Health Plan, Inc.",NY,HMO,No,,,
