﻿Overall Rating,Plan Name,State,Type,NCQA,Consumer Satisfaction,Prevention,Treatment
4.5,Health Partners Plans,PA,HMO,Yes,3,4.5,3.5
4.5,Vista Health Plan DBA AmeriHealth Caritas Pennsylvania,PA,HMO,Yes,4.5,3.5,4
4,"Gateway Health Plan, Inc.",PA,HMO,Yes,3.5,3,3.5
4,Geisinger Health Plan,PA,HMO,Yes,3.5,3,4
4,"UPMC For You, Inc.",PA,HMO,Yes,3,3,3.5
4,Vista Health Plan DBA AmeriHealth Caritas Northeast,PA,HMO,Yes,3.5,3,3.5
4,Vista Health Plan DBA Keystone First,PA,HMO,Yes,2.5,4,3.5
3.5,"Aetna Better Health Inc., a Pennsylvania Corporation",PA,HMO,Yes,2.5,2.5,3
3.5,"UnitedHealthcare of Pennsylvania, Inc. dba UnitedHealthcare Community Plan (PA)",PA,HMO,Yes,2,3.5,3.5
Partial Data Reported,"Vista Health Plan, Inc. aka AmeriHealth Caritas Health Plan (operating as AmeriHealth Caritas Pennsylvania Community HealthChoices)",PA,HMO,No (Scheduled),I,I,
No Data Reported,Pennsylvania Health & Wellness,PA,HMO,No (Scheduled),,,
No Data Reported,"Vista Heath Plan, Inc., aka Keystone Family Health Plan (operating as Keystone First Community HealthChoices)",PA,HMO,No (Scheduled),,,
