﻿Overall Rating,Plan Name,State,Type,NCQA,Consumer Satisfaction,Prevention,Treatment
3.5,"HealthKeepers, Inc. (Medicaid)",VA,HMO,Yes,3.5,2.5,3
3.5,Optima Health Plan,VA,HMO,Yes,4.5,2.5,2.5
3.5,"Virginia Premier Health Plan, Inc.",VA,HMO,Yes,4,2.5,2.5
3,"Coventry Health Care of Virginia, Inc., dba Aetna Better Health of Virginia",VA,HMO,Yes,3,2,2.5
3,UnitedHealthcare of the Mid-Atlantic dba UnitedHealthcare Community Plan (VA Commonwealth Coordinated Care Plus),VA,HMO,Yes (Interim),3,1.5,3
2.5,"Magellan Complete Care of Virginia, LLC",VA,HMO,Yes (Interim),3,,2
2.5,UnitedHealthcare of the Mid-Atlantic dba UnitedHealthcare Community Plan of Virginia,VA,HMO,Yes (Interim),,2,2.5
