﻿Overall Rating,Plan Name,State,Type,NCQA,Consumer Satisfaction,Prevention,Treatment
4,Children's Community Health Plan,WI,HMO,Yes,3.5,3.5,3
4,"Security Health Plan of Wisconsin, Inc",WI,HMO,Yes,3,3.5,3.5
4,"UnitedHealthcare of Wisconsin, Inc. dba UnitedHealthcare Community Plan (WI)",WI,HMO,Yes,3.5,3.5,3.5
3.5,Compcare Health Services Insurance Corporation dba Anthem Blue Cross and Blue Shield in Wisconsin,WI,HMO,Yes,3,3,3
3.5,Managed Health Services Insurance Corp.,WI,HMO,Yes,3,3,3
3.5,Molina Healthcare of Wisconsin,WI,HMO,Yes,3.5,3.5,3
Partial Data Reported,"Dean Health Plan, Inc.",WI,HMO,No,I,3.5,3.5
Partial Data Reported,Group Health Cooperative of Eau Claire,WI,HMO,No,I,2.5,3
Partial Data Reported,Group Health Cooperative of Eau Claire,WI,HMO,No,I,I,3.5
Partial Data Reported,Group Health Cooperative of South Central Wisconsin,WI,HMO,No,I,4,3.5
Partial Data Reported,Network Health Plan,WI,HMO,No,I,2.5,3
Partial Data Reported,Network Health Plan,WI,HMO,No,I,0.5,2.5
Partial Data Reported,Quartz Health Insurance Corporation,WI,HMO,No,I,3.5,3.5
Partial Data Reported,Quartz Health Plan Corporation,WI,HMO,No,I,3.5,3.5
No Data Reported,Independent Care Health Plan,WI,HMO,No,,,
No Data Reported,Independent Care Health Plan,WI,HMO,No,,,
No Data Reported,"MercyCare HMO, Inc d/b/a/ MercyCare Health Plans",WI,HMO,No,,,
No Data Reported,Trilogy Health Insurance,WI,HMO,No,,,
